<?xml version="1.0" encoding="UTF-8"?>
<project-private xmlns="http://www.netbeans.org/ns/project-private/1">
    <editor-bookmarks xmlns="http://www.netbeans.org/ns/editor-bookmarks/2" lastBookmarkId="0"/>
    <open-files xmlns="http://www.netbeans.org/ns/projectui-open-files/2">
        <group>
            <file>file:/C:/Users/trand/Documents/AmericanOrder2%20(1)/AmericanOrder2/web/Home.jsp</file>
            <file>file:/C:/Users/trand/Documents/AmericanOrder2%20(1)/AmericanOrder2/web/ManagerProduct.jsp</file>
            <file>file:/C:/Users/trand/Documents/AmericanOrder2%20(1)/AmericanOrder2/web/Cart.jsp</file>
            <file>file:/C:/Users/trand/Documents/AmericanOrder2%20(1)/AmericanOrder2/nbproject/build-impl.xml</file>
            <file>file:/C:/Users/trand/Documents/AmericanOrder2%20(1)/AmericanOrder2/web/Login.jsp</file>
            <file>file:/C:/Users/trand/Documents/AmericanOrder2%20(1)/AmericanOrder2/build.xml</file>
        </group>
    </open-files>
</project-private>
